Name,Nachname,Ort,Email
Anna,Müller,Berlin,anna.mueller@example.com
Lukas,Schneider,Hamburg,lukas.schneider@example.com
Mira,Fischer,München,mira.fischer@example.com
Tom,Becker,Köln,tom.becker@example.com
Lea,Wagner,Frankfurt,lea.wagner@example.com
Jan,Bauer,Stuttgart,jan.bauer@example.com
Nina,Hofmann,Dresden,nina.hofmann@example.com
Paul,Krüger,Hannover,paul.krueger@example.com
Laura,Neumann,Nürnberg,laura.neumann@example.com
Felix,Keller,Bremen,felix.keller@example.com
